time,step,loss,examples/sec,sec/batch
2016-11-29 00:03:00.039430,10,4.60,2146.5,0.060
2016-11-29 00:03:05.024682,20,4.44,2125.4,0.060
2016-11-29 00:03:10.094651,30,4.34,2011.2,0.064
2016-11-29 00:03:15.184014,40,4.30,2108.4,0.061
2016-11-29 00:03:20.057074,50,4.22,2065.0,0.062
2016-11-29 00:03:25.135353,60,4.22,2105.6,0.061
2016-11-29 00:03:30.175953,70,4.10,2093.1,0.061
2016-11-29 00:03:35.173838,80,4.06,2110.9,0.061
2016-11-29 00:03:40.211371,90,4.00,2034.9,0.063
2016-11-29 00:03:45.255882,100,4.10,2332.4,0.055
2016-11-29 00:03:50.797127,110,3.96,1782.3,0.072
2016-11-29 00:03:55.766440,120,4.10,2228.3,0.057
2016-11-29 00:04:00.895633,130,4.15,2018.5,0.063
2016-11-29 00:04:05.976139,140,4.02,2072.0,0.062
2016-11-29 00:04:11.001043,150,3.94,2076.0,0.062
2016-11-29 00:04:16.049019,160,3.84,1995.4,0.064
2016-11-29 00:04:21.078962,170,3.91,1730.8,0.074
2016-11-29 00:04:26.123655,180,4.02,1988.7,0.064
2016-11-29 00:04:31.208697,190,3.72,2025.3,0.063
2016-11-29 00:04:36.306456,200,3.67,2036.1,0.063
2016-11-29 00:04:41.785474,210,3.83,2129.5,0.060
2016-11-29 00:04:46.821025,220,3.54,2028.4,0.063
2016-11-29 00:04:51.910501,230,3.69,2073.0,0.062
2016-11-29 00:04:56.809856,240,3.68,2249.6,0.057
2016-11-29 00:05:01.840835,250,3.92,1967.5,0.065
2016-11-29 00:05:06.896623,260,3.49,1999.3,0.064
2016-11-29 00:05:11.895221,270,3.61,2052.0,0.062
2016-11-29 00:05:16.978711,280,3.54,2069.3,0.062
2016-11-29 00:05:22.124054,290,3.55,2220.2,0.058
2016-11-29 00:05:27.048273,300,3.46,2123.6,0.060
2016-11-29 00:05:32.713342,310,3.45,2233.1,0.057
2016-11-29 00:05:37.772453,320,3.63,2088.5,0.061
2016-11-29 00:05:42.788859,330,3.44,2108.5,0.061
2016-11-29 00:05:47.910265,340,3.46,1908.6,0.067
2016-11-29 00:05:53.200807,350,3.42,1929.7,0.066
2016-11-29 00:05:58.175726,360,3.18,2165.1,0.059
2016-11-29 00:06:03.223138,370,3.31,2072.9,0.062
2016-11-29 00:06:08.451148,380,3.50,2195.3,0.058
2016-11-29 00:06:13.396589,390,3.27,2043.5,0.063
2016-11-29 00:06:18.380108,400,3.30,2060.3,0.062
2016-11-29 00:06:24.020824,410,3.13,1914.6,0.067
2016-11-29 00:06:29.032969,420,3.36,1993.2,0.064
2016-11-29 00:06:34.112876,430,3.28,1992.4,0.064
2016-11-29 00:06:39.248905,440,3.29,1972.6,0.065
2016-11-29 00:06:44.186960,450,3.00,2092.5,0.061
2016-11-29 00:06:49.289817,460,3.09,1956.5,0.065
2016-11-29 00:06:54.397528,470,3.13,2052.7,0.062
2016-11-29 00:06:59.251034,480,3.04,2138.0,0.060
2016-11-29 00:07:04.430893,490,3.00,1877.7,0.068
2016-11-29 00:07:09.423494,500,3.17,2147.6,0.060
2016-11-29 00:07:14.960616,510,3.10,1947.2,0.066
2016-11-29 00:07:20.032546,520,3.03,1963.5,0.065
2016-11-29 00:07:25.198051,530,3.04,2074.6,0.062
2016-11-29 00:07:30.181432,540,2.96,2483.4,0.052
2016-11-29 00:07:35.437248,550,3.06,1929.7,0.066
2016-11-29 00:07:40.443603,560,3.04,2095.0,0.061
2016-11-29 00:07:45.566778,570,2.94,1636.3,0.078
2016-11-29 00:07:50.535636,580,3.10,2139.8,0.060
2016-11-29 00:07:55.598317,590,2.91,2201.3,0.058
2016-11-29 00:08:00.629982,600,2.85,1906.8,0.067
2016-11-29 00:08:06.219333,610,2.94,2065.9,0.062
2016-11-29 00:08:11.316796,620,2.88,1952.6,0.066
2016-11-29 00:08:16.139611,630,3.11,1960.9,0.065
2016-11-29 00:08:21.148072,640,2.88,2122.6,0.060
2016-11-29 00:08:26.286903,650,2.61,2170.6,0.059
2016-11-29 00:08:31.304440,660,3.18,2135.6,0.060
2016-11-29 00:08:36.417397,670,2.85,1904.0,0.067
2016-11-29 00:08:41.520663,680,2.81,2185.9,0.059
2016-11-29 00:08:46.522066,690,2.87,1811.2,0.071
2016-11-29 00:08:51.587819,700,2.75,2013.8,0.064
2016-11-29 00:08:57.181771,710,2.73,2084.2,0.061
2016-11-29 00:09:02.316828,720,2.56,1565.1,0.082
2016-11-29 00:09:07.330908,730,2.90,2034.0,0.063
2016-11-29 00:09:12.473759,740,2.52,2027.8,0.063
2016-11-29 00:09:17.539663,750,2.68,2018.6,0.063
2016-11-29 00:09:22.451468,760,2.51,2142.0,0.060
2016-11-29 00:09:27.574457,770,2.60,2288.7,0.056
2016-11-29 00:09:32.643730,780,2.63,2281.7,0.056
2016-11-29 00:09:37.579685,790,2.53,2146.5,0.060
2016-11-29 00:09:42.742659,800,2.69,1989.4,0.064
2016-11-29 00:09:48.420059,810,2.65,1986.3,0.064
2016-11-29 00:09:53.366362,820,2.50,2103.4,0.061
2016-11-29 00:09:58.526450,830,2.39,2091.3,0.061
2016-11-29 00:10:03.617730,840,2.52,2284.8,0.056
2016-11-29 00:10:08.625434,850,2.46,2031.0,0.063
2016-11-29 00:10:13.691615,860,2.48,2204.7,0.058
2016-11-29 00:10:18.791909,870,2.31,1960.8,0.065
2016-11-29 00:10:23.659461,880,2.41,2090.5,0.061
2016-11-29 00:10:28.693676,890,2.39,2139.4,0.060
2016-11-29 00:10:33.849808,900,2.57,2018.8,0.063
2016-11-29 00:10:39.310625,910,2.37,2042.7,0.063
2016-11-29 00:10:44.343726,920,2.39,2064.3,0.062
2016-11-29 00:10:49.438263,930,2.45,1945.8,0.066
2016-11-29 00:10:54.354769,940,2.42,1867.8,0.069
2016-11-29 00:10:59.473934,950,2.29,2042.9,0.063
2016-11-29 00:11:04.535124,960,2.30,2065.5,0.062
2016-11-29 00:11:09.598384,970,2.16,1964.1,0.065
2016-11-29 00:11:14.541083,980,2.37,2152.6,0.059
2016-11-29 00:11:19.663301,990,2.27,2077.0,0.062
2016-11-29 00:11:24.699772,1000,2.27,2178.7,0.059
2016-11-29 00:11:32.951518,1010,2.32,1559.5,0.082
2016-11-29 00:11:37.896682,1020,2.33,1923.1,0.067
2016-11-29 00:11:43.111848,1030,2.39,1992.6,0.064
2016-11-29 00:11:48.073956,1040,2.53,2130.4,0.060
2016-11-29 00:11:53.165648,1050,2.31,2057.0,0.062
2016-11-29 00:11:58.180193,1060,2.20,2136.4,0.060
2016-11-29 00:12:03.213233,1070,2.31,1928.3,0.066
2016-11-29 00:12:08.356094,1080,2.07,2073.8,0.062
2016-11-29 00:12:13.422174,1090,2.11,2071.3,0.062
2016-11-29 00:12:18.660244,1100,2.16,1523.1,0.084
2016-11-29 00:12:24.146577,1110,2.09,2033.5,0.063
2016-11-29 00:12:29.303683,1120,2.06,2026.3,0.063
2016-11-29 00:12:34.550135,1130,2.09,1920.4,0.067
2016-11-29 00:12:39.525415,1140,2.28,1968.9,0.065
2016-11-29 00:12:44.588072,1150,2.15,2095.8,0.061
2016-11-29 00:12:49.744188,1160,2.10,2046.7,0.063
2016-11-29 00:12:54.787879,1170,2.01,2037.4,0.063
2016-11-29 00:12:59.838743,1180,2.04,2008.1,0.064
2016-11-29 00:13:04.892611,1190,2.21,2061.4,0.062
2016-11-29 00:13:09.927252,1200,2.13,1955.0,0.065
2016-11-29 00:13:15.593934,1210,2.11,2096.9,0.061
2016-11-29 00:13:20.775132,1220,1.94,2084.4,0.061
2016-11-29 00:13:25.858960,1230,1.95,1949.9,0.066
2016-11-29 00:13:30.986771,1240,1.96,1972.3,0.065
2016-11-29 00:13:36.062611,1250,2.14,2111.2,0.061
2016-11-29 00:13:41.355031,1260,1.77,1526.4,0.084
2016-11-29 00:13:46.329323,1270,2.07,2003.5,0.064
2016-11-29 00:13:51.436473,1280,2.06,2125.7,0.060
2016-11-29 00:13:56.442642,1290,1.92,2038.1,0.063
2016-11-29 00:14:01.657994,1300,2.25,2216.9,0.058
2016-11-29 00:14:07.428791,1310,2.11,2003.7,0.064
2016-11-29 00:14:12.427815,1320,1.93,1927.9,0.066
2016-11-29 00:14:17.592284,1330,1.87,1973.7,0.065
2016-11-29 00:14:22.734658,1340,1.99,1911.9,0.067
2016-11-29 00:14:27.853764,1350,2.31,1714.9,0.075
2016-11-29 00:14:32.937577,1360,1.90,2037.6,0.063
2016-11-29 00:14:38.122972,1370,1.83,1995.9,0.064
2016-11-29 00:14:43.327200,1380,1.90,1613.7,0.079
2016-11-29 00:14:48.333166,1390,1.73,2181.6,0.059
2016-11-29 00:14:53.481452,1400,1.84,1977.9,0.065
2016-11-29 00:14:59.134047,1410,1.85,2067.0,0.062
2016-11-29 00:15:04.144816,1420,1.93,2381.6,0.054
2016-11-29 00:15:09.263892,1430,2.09,2014.4,0.064
2016-11-29 00:15:14.498761,1440,1.96,2050.0,0.062
2016-11-29 00:15:19.494305,1450,1.81,1985.4,0.064
2016-11-29 00:15:24.618753,1460,2.04,1974.1,0.065
2016-11-29 00:15:29.680408,1470,1.77,1960.3,0.065
2016-11-29 00:15:34.682144,1480,1.83,2304.1,0.056
2016-11-29 00:15:39.842991,1490,1.87,2122.9,0.060
2016-11-29 00:15:44.897519,1500,1.66,1993.2,0.064
2016-11-29 00:15:50.405976,1510,1.80,1934.5,0.066
2016-11-29 00:15:55.582144,1520,1.89,2153.4,0.059
2016-11-29 00:16:00.719076,1530,1.69,1459.9,0.088
2016-11-29 00:16:05.805168,1540,1.64,1939.3,0.066
2016-11-29 00:16:10.863679,1550,1.66,2078.0,0.062
2016-11-29 00:16:15.954052,1560,1.79,2276.0,0.056
2016-11-29 00:16:20.942855,1570,1.82,1949.5,0.066
2016-11-29 00:16:26.045536,1580,1.80,2214.3,0.058
2016-11-29 00:16:31.210385,1590,1.55,1946.8,0.066
2016-11-29 00:16:36.172462,1600,1.76,2211.7,0.058
2016-11-29 00:16:41.923078,1610,1.64,2071.7,0.062
2016-11-29 00:16:47.054040,1620,1.78,2142.0,0.060
2016-11-29 00:16:51.984244,1630,1.57,2158.4,0.059
2016-11-29 00:16:57.023131,1640,1.52,2291.8,0.056
2016-11-29 00:17:02.270714,1650,1.66,1909.3,0.067
2016-11-29 00:17:07.287984,1660,1.69,2250.1,0.057
2016-11-29 00:17:12.456090,1670,1.75,1987.9,0.064
2016-11-29 00:17:17.507410,1680,1.56,2093.0,0.061
2016-11-29 00:17:22.515157,1690,1.48,2059.5,0.062
2016-11-29 00:17:27.677988,1700,1.51,2060.4,0.062
2016-11-29 00:17:33.429500,1710,1.89,2184.3,0.059
2016-11-29 00:17:38.437740,1720,1.74,2192.9,0.058
2016-11-29 00:17:43.547305,1730,1.50,2067.8,0.062
2016-11-29 00:17:48.657028,1740,1.67,2119.1,0.060
2016-11-29 00:17:53.659339,1750,1.55,2214.9,0.058
2016-11-29 00:17:58.783331,1760,1.58,1879.5,0.068
2016-11-29 00:18:03.832409,1770,1.62,2138.0,0.060
2016-11-29 00:18:08.766391,1780,1.44,2021.9,0.063
2016-11-29 00:18:13.846536,1790,1.92,1969.1,0.065
2016-11-29 00:18:18.984535,1800,1.58,1987.3,0.064
2016-11-29 00:18:24.434575,1810,1.47,1981.5,0.065
2016-11-29 00:18:29.598240,1820,1.56,2164.5,0.059
2016-11-29 00:18:34.753125,1830,1.49,2069.6,0.062
2016-11-29 00:18:39.755580,1840,1.58,1992.9,0.064
2016-11-29 00:18:44.816463,1850,1.43,2077.0,0.062
2016-11-29 00:18:49.976910,1860,1.49,1928.6,0.066
2016-11-29 00:18:54.979852,1870,1.49,2086.3,0.061
2016-11-29 00:19:00.031897,1880,1.52,2152.7,0.059
2016-11-29 00:19:05.159835,1890,1.56,1965.2,0.065
2016-11-29 00:19:10.182859,1900,1.54,1983.0,0.065
2016-11-29 00:19:15.740391,1910,1.47,2192.4,0.058
2016-11-29 00:19:20.739160,1920,1.55,2035.0,0.063
2016-11-29 00:19:25.807970,1930,1.51,1656.4,0.077
2016-11-29 00:19:30.739441,1940,1.64,1997.4,0.064
2016-11-29 00:19:35.893562,1950,1.67,1953.8,0.066
2016-11-29 00:19:40.937667,1960,1.36,1912.8,0.067
2016-11-29 00:19:46.087234,1970,1.68,2185.3,0.059
2016-11-29 00:19:51.120541,1980,1.56,1949.0,0.066
2016-11-29 00:19:56.345167,1990,1.57,1517.1,0.084
2016-11-29 00:20:01.265757,2000,1.60,2061.2,0.062
2016-11-29 00:20:09.483060,2010,1.37,2023.1,0.063
2016-11-29 00:20:14.609761,2020,1.51,1935.9,0.066
2016-11-29 00:20:19.573660,2030,1.50,2107.1,0.061
2016-11-29 00:20:24.748567,2040,1.48,2119.1,0.060
2016-11-29 00:20:29.859213,2050,1.32,1997.6,0.064
2016-11-29 00:20:34.824770,2060,1.30,2047.4,0.063
2016-11-29 00:20:39.906551,2070,1.52,2054.5,0.062
2016-11-29 00:20:45.060621,2080,1.52,1921.8,0.067
2016-11-29 00:20:50.111118,2090,1.39,1898.5,0.067
2016-11-29 00:20:55.134467,2100,1.55,1964.0,0.065
2016-11-29 00:21:00.718032,2110,1.55,2032.0,0.063
2016-11-29 00:21:05.785619,2120,1.36,2079.4,0.062
2016-11-29 00:21:10.809897,2130,1.23,2018.8,0.063
2016-11-29 00:21:15.896820,2140,1.46,1770.0,0.072
2016-11-29 00:21:20.982668,2150,1.40,1885.7,0.068
2016-11-29 00:21:25.856262,2160,1.41,2116.1,0.060
2016-11-29 00:21:30.965387,2170,1.48,2171.3,0.059
2016-11-29 00:21:36.015557,2180,1.47,2234.6,0.057
2016-11-29 00:21:41.064857,2190,1.29,1947.2,0.066
2016-11-29 00:21:46.364757,2200,1.30,1914.6,0.067
2016-11-29 00:21:52.086318,2210,1.43,1948.4,0.066
2016-11-29 00:21:57.435470,2220,1.33,1484.1,0.086
2016-11-29 00:22:02.525468,2230,1.39,1898.8,0.067
2016-11-29 00:22:07.707017,2240,1.31,1889.7,0.068
2016-11-29 00:22:12.812481,2250,1.31,2070.0,0.062
2016-11-29 00:22:17.865393,2260,1.24,1981.6,0.065
2016-11-29 00:22:23.004648,2270,1.20,1959.8,0.065
2016-11-29 00:22:28.205180,2280,1.34,1928.5,0.066
2016-11-29 00:22:33.384554,2290,1.37,2151.3,0.059
2016-11-29 00:22:38.529566,2300,1.41,1930.1,0.066
2016-11-29 00:22:44.228019,2310,1.33,1855.6,0.069
2016-11-29 00:22:49.186583,2320,1.46,2158.0,0.059
2016-11-29 00:22:54.266779,2330,1.28,2054.6,0.062
2016-11-29 00:22:59.236038,2340,1.27,2127.2,0.060
2016-11-29 00:23:04.321746,2350,1.32,2055.3,0.062
2016-11-29 00:23:09.480079,2360,1.32,1997.3,0.064
2016-11-29 00:23:14.665261,2370,1.23,2160.6,0.059
2016-11-29 00:23:19.680175,2380,1.11,1979.5,0.065
2016-11-29 00:23:24.783394,2390,1.24,2042.0,0.063
2016-11-29 00:23:29.828111,2400,1.22,2086.1,0.061
2016-11-29 00:23:35.393501,2410,1.25,1997.5,0.064
2016-11-29 00:23:40.529501,2420,1.26,2017.9,0.063
2016-11-29 00:23:45.651240,2430,1.38,2056.2,0.062
2016-11-29 00:23:50.696082,2440,1.30,2232.1,0.057
2016-11-29 00:23:55.854064,2450,1.35,2225.8,0.058
2016-11-29 00:24:00.941408,2460,1.25,1972.0,0.065
2016-11-29 00:24:05.906184,2470,1.27,1982.4,0.065
2016-11-29 00:24:11.096796,2480,1.08,1998.4,0.064
2016-11-29 00:24:16.272889,2490,1.14,2207.8,0.058
2016-11-29 00:24:21.425500,2500,1.18,2111.2,0.061
2016-11-29 00:24:26.935620,2510,1.33,1969.8,0.065
2016-11-29 00:24:32.029206,2520,1.25,2014.7,0.064
2016-11-29 00:24:37.283160,2530,1.30,2004.9,0.064
2016-11-29 00:24:42.344106,2540,1.11,1935.9,0.066
2016-11-29 00:24:47.410875,2550,1.25,1991.8,0.064
2016-11-29 00:24:52.520792,2560,1.19,1877.0,0.068
2016-11-29 00:24:57.639345,2570,1.17,2033.4,0.063
2016-11-29 00:25:02.660895,2580,1.29,2149.9,0.060
2016-11-29 00:25:07.764894,2590,1.24,2227.2,0.057
2016-11-29 00:25:12.918205,2600,1.38,1918.3,0.067
2016-11-29 00:25:18.612967,2610,1.18,2054.7,0.062
2016-11-29 00:25:23.672279,2620,1.24,2076.1,0.062
2016-11-29 00:25:28.672209,2630,1.12,2207.6,0.058
2016-11-29 00:25:33.779246,2640,1.22,1994.2,0.064
2016-11-29 00:25:38.939504,2650,1.23,1959.8,0.065
2016-11-29 00:25:43.916943,2660,1.16,1994.6,0.064
2016-11-29 00:25:48.981917,2670,1.12,2048.8,0.062
2016-11-29 00:25:54.193517,2680,1.23,2308.8,0.055
2016-11-29 00:25:59.223668,2690,1.35,2127.9,0.060
2016-11-29 00:26:04.290686,2700,1.10,2184.9,0.059
2016-11-29 00:26:09.985533,2710,1.26,2092.7,0.061
2016-11-29 00:26:15.078704,2720,1.13,1895.8,0.068
2016-11-29 00:26:20.273281,2730,1.27,1898.7,0.067
2016-11-29 00:26:25.351376,2740,0.92,2026.7,0.063
2016-11-29 00:26:30.566832,2750,1.20,1913.9,0.067
2016-11-29 00:26:35.566805,2760,1.10,2084.1,0.061
2016-11-29 00:26:40.770764,2770,1.34,2108.6,0.061
2016-11-29 00:26:45.911779,2780,1.15,2132.8,0.060
2016-11-29 00:26:50.877448,2790,1.19,2047.4,0.063
2016-11-29 00:26:55.984508,2800,1.11,1833.5,0.070
2016-11-29 00:27:01.583071,2810,1.10,1906.4,0.067
2016-11-29 00:27:06.679931,2820,1.21,1968.5,0.065
2016-11-29 00:27:11.747353,2830,1.13,2244.5,0.057
2016-11-29 00:27:16.829836,2840,1.18,1709.3,0.075
2016-11-29 00:27:21.842748,2850,1.08,1947.2,0.066
2016-11-29 00:27:26.971879,2860,1.00,2204.0,0.058
2016-11-29 00:27:32.192947,2870,1.17,1662.6,0.077
2016-11-29 00:27:37.278739,2880,1.12,2002.6,0.064
2016-11-29 00:27:42.478025,2890,1.16,1814.6,0.071
2016-11-29 00:27:47.657670,2900,1.10,2183.3,0.059
2016-11-29 00:27:53.281258,2910,1.19,1931.7,0.066
2016-11-29 00:27:58.391433,2920,1.04,1965.6,0.065
2016-11-29 00:28:03.608837,2930,1.04,2008.1,0.064
2016-11-29 00:28:08.641357,2940,1.10,2221.0,0.058
2016-11-29 00:28:13.772886,2950,1.14,1904.0,0.067
2016-11-29 00:28:18.793466,2960,1.05,2187.3,0.059
2016-11-29 00:28:23.829072,2970,1.09,2030.7,0.063
2016-11-29 00:28:28.795091,2980,1.22,2018.3,0.063
2016-11-29 00:28:33.914170,2990,1.20,2156.2,0.059
2016-11-29 00:28:38.844906,3000,1.07,2052.4,0.062
2016-11-29 00:28:48.079946,3010,1.25,1588.8,0.081
2016-11-29 00:28:53.175573,3020,1.12,1963.1,0.065
2016-11-29 00:28:58.295341,3030,1.21,2260.0,0.057
2016-11-29 00:29:03.391806,3040,1.12,1730.9,0.074
2016-11-29 00:29:08.432143,3050,1.01,2104.0,0.061
2016-11-29 00:29:13.556198,3060,1.05,2235.1,0.057
2016-11-29 00:29:18.709995,3070,0.88,1508.0,0.085
2016-11-29 00:29:23.662720,3080,0.99,2029.4,0.063
2016-11-29 00:29:28.811712,3090,0.98,2081.3,0.061
2016-11-29 00:29:33.818570,3100,0.93,2266.4,0.056
2016-11-29 00:29:39.530897,3110,0.95,2075.5,0.062
2016-11-29 00:29:44.806242,3120,0.97,1812.7,0.071
2016-11-29 00:29:49.950171,3130,1.05,1939.5,0.066
2016-11-29 00:29:55.106445,3140,1.05,2165.8,0.059
2016-11-29 00:30:00.206899,3150,1.08,2003.1,0.064
2016-11-29 00:30:05.345745,3160,1.16,2019.9,0.063
2016-11-29 00:30:10.366738,3170,0.94,2148.0,0.060
2016-11-29 00:30:15.452289,3180,0.92,1995.0,0.064
2016-11-29 00:30:20.502507,3190,1.11,1846.4,0.069
2016-11-29 00:30:25.574265,3200,1.11,2146.4,0.060
2016-11-29 00:30:31.177396,3210,1.09,2050.0,0.062
2016-11-29 00:30:36.321240,3220,1.12,2116.4,0.060
2016-11-29 00:30:41.404926,3230,0.97,2015.7,0.064
2016-11-29 00:30:46.460679,3240,1.19,2033.1,0.063
2016-11-29 00:30:51.705320,3250,1.04,1883.1,0.068
2016-11-29 00:30:56.762599,3260,1.04,2052.7,0.062
2016-11-29 00:31:01.805367,3270,0.92,2058.5,0.062
2016-11-29 00:31:06.807917,3280,0.97,1706.6,0.075
2016-11-29 00:31:11.710894,3290,1.16,2174.9,0.059
2016-11-29 00:31:16.823601,3300,0.89,2099.0,0.061
2016-11-29 00:31:22.555085,3310,0.91,1600.2,0.080
2016-11-29 00:31:27.535395,3320,0.85,2205.7,0.058
2016-11-29 00:31:32.610819,3330,0.99,2127.8,0.060
2016-11-29 00:31:37.753717,3340,0.97,1628.0,0.079
2016-11-29 00:31:42.759160,3350,0.94,2275.4,0.056
2016-11-29 00:31:47.883942,3360,1.02,2046.0,0.063
2016-11-29 00:31:53.056702,3370,0.99,1881.9,0.068
2016-11-29 00:31:58.135447,3380,0.85,1984.9,0.064
2016-11-29 00:32:03.222501,3390,1.07,2056.0,0.062
2016-11-29 00:32:08.459758,3400,0.96,1569.8,0.082
2016-11-29 00:32:14.151250,3410,1.17,1870.9,0.068
2016-11-29 00:32:19.211915,3420,1.19,2140.3,0.060
2016-11-29 00:32:24.372299,3430,1.15,2036.2,0.063
2016-11-29 00:32:29.448943,3440,0.94,1974.9,0.065
2016-11-29 00:32:34.695481,3450,0.81,2202.6,0.058
2016-11-29 00:32:39.874698,3460,0.93,1958.2,0.065
2016-11-29 00:32:44.913012,3470,1.02,1978.7,0.065
2016-11-29 00:32:50.050475,3480,1.04,2160.4,0.059
2016-11-29 00:32:55.137163,3490,1.04,2063.6,0.062
2016-11-29 00:33:00.262243,3500,1.15,1902.4,0.067
2016-11-29 00:33:05.865917,3510,0.82,2019.6,0.063
2016-11-29 00:33:11.013948,3520,0.97,1873.9,0.068
2016-11-29 00:33:15.978261,3530,0.88,2243.3,0.057
2016-11-29 00:33:21.138946,3540,0.80,2130.1,0.060
2016-11-29 00:33:26.297605,3550,1.00,2052.9,0.062
2016-11-29 00:33:31.284675,3560,0.96,1745.7,0.073
2016-11-29 00:33:36.304718,3570,1.03,2043.0,0.063
2016-11-29 00:33:41.511287,3580,1.19,1816.3,0.070
2016-11-29 00:33:46.607135,3590,0.88,1795.6,0.071
2016-11-29 00:33:51.551820,3600,0.85,2125.1,0.060
2016-11-29 00:33:57.104244,3610,0.85,1995.7,0.064
2016-11-29 00:34:02.164023,3620,0.94,2000.9,0.064
2016-11-29 00:34:07.195411,3630,0.94,2093.6,0.061
2016-11-29 00:34:12.281332,3640,0.81,1885.1,0.068
2016-11-29 00:34:17.376255,3650,0.91,2060.8,0.062
2016-11-29 00:34:22.499688,3660,0.95,1767.6,0.072
2016-11-29 00:34:27.797634,3670,0.95,1934.7,0.066
2016-11-29 00:34:32.961754,3680,1.00,1875.9,0.068
2016-11-29 00:34:37.932774,3690,0.94,1987.1,0.064
2016-11-29 00:34:43.055039,3700,1.01,1965.2,0.065
2016-11-29 00:34:48.625387,3710,0.74,2183.2,0.059
2016-11-29 00:34:53.816751,3720,0.90,1669.5,0.077
2016-11-29 00:34:58.769346,3730,0.91,1967.1,0.065
2016-11-29 00:35:03.870691,3740,0.98,1906.3,0.067
2016-11-29 00:35:08.843057,3750,1.07,1760.9,0.073
2016-11-29 00:35:14.027919,3760,0.89,1954.5,0.065
2016-11-29 00:35:19.134595,3770,0.79,2055.1,0.062
2016-11-29 00:35:24.179937,3780,0.82,1699.5,0.075
2016-11-29 00:35:29.165201,3790,0.87,2013.1,0.064
2016-11-29 00:35:34.206210,3800,0.92,2113.6,0.061
2016-11-29 00:35:39.880240,3810,0.89,1876.5,0.068
2016-11-29 00:35:44.971965,3820,0.90,2060.1,0.062
2016-11-29 00:35:50.069968,3830,0.90,1961.3,0.065
2016-11-29 00:35:55.112783,3840,1.14,1926.1,0.066
2016-11-29 00:36:00.346397,3850,0.87,1831.4,0.070
2016-11-29 00:36:05.528374,3860,0.95,2076.9,0.062
2016-11-29 00:36:10.671499,3870,0.95,1690.4,0.076
2016-11-29 00:36:15.729862,3880,0.83,1861.8,0.069
2016-11-29 00:36:20.795628,3890,1.07,2083.6,0.061
2016-11-29 00:36:25.955441,3900,0.86,1623.8,0.079
2016-11-29 00:36:31.630307,3910,0.95,1889.3,0.068
2016-11-29 00:36:36.799889,3920,0.69,1939.1,0.066
2016-11-29 00:36:41.992261,3930,0.92,2074.0,0.062
2016-11-29 00:36:47.056044,3940,0.96,2103.5,0.061
2016-11-29 00:36:52.234580,3950,0.99,1962.4,0.065
2016-11-29 00:36:57.315854,3960,1.00,2004.5,0.064
2016-11-29 00:37:02.449909,3970,0.91,2020.0,0.063
2016-11-29 00:37:07.672173,3980,1.05,2018.9,0.063
2016-11-29 00:37:12.958270,3990,0.85,1889.4,0.068
2016-11-29 00:37:18.088939,4000,0.80,2042.9,0.063
2016-11-29 00:37:26.473603,4010,0.90,2059.9,0.062
2016-11-29 00:37:31.662820,4020,1.00,1908.8,0.067
2016-11-29 00:37:36.783781,4030,0.84,2207.6,0.058
2016-11-29 00:37:41.833562,4040,1.07,2155.1,0.059
2016-11-29 00:37:46.824077,4050,1.07,2210.0,0.058
2016-11-29 00:37:52.033096,4060,0.94,1990.8,0.064
2016-11-29 00:37:57.229463,4070,0.96,1755.8,0.073
2016-11-29 00:38:02.286499,4080,0.76,2124.4,0.060
2016-11-29 00:38:07.463454,4090,1.03,1899.7,0.067
2016-11-29 00:38:12.527979,4100,0.86,2067.4,0.062
2016-11-29 00:38:18.203931,4110,0.89,1751.5,0.073
2016-11-29 00:38:23.303394,4120,0.76,2062.8,0.062
2016-11-29 00:38:28.414814,4130,1.04,2344.0,0.055
2016-11-29 00:38:33.478320,4140,0.87,2002.4,0.064
2016-11-29 00:38:38.660114,4150,0.93,2113.4,0.061
2016-11-29 00:38:43.797478,4160,0.93,1888.9,0.068
2016-11-29 00:38:48.794207,4170,0.92,1946.2,0.066
2016-11-29 00:38:53.862996,4180,0.82,1990.1,0.064
2016-11-29 00:38:58.925211,4190,0.79,2162.0,0.059
2016-11-29 00:39:04.112567,4200,0.84,1861.8,0.069
2016-11-29 00:39:09.761520,4210,0.92,2042.0,0.063
2016-11-29 00:39:14.848878,4220,0.94,2135.8,0.060
2016-11-29 00:39:19.900959,4230,0.64,1854.6,0.069
2016-11-29 00:39:25.166365,4240,0.91,1964.5,0.065
2016-11-29 00:39:30.283887,4250,0.87,2121.5,0.060
2016-11-29 00:39:35.232697,4260,1.00,2144.4,0.060
2016-11-29 00:39:40.357055,4270,0.88,1984.0,0.065
2016-11-29 00:39:45.506603,4280,0.89,2298.4,0.056
2016-11-29 00:39:50.543082,4290,0.88,1812.5,0.071
2016-11-29 00:39:55.800835,4300,0.85,2102.7,0.061
2016-11-29 00:40:01.482900,4310,1.02,1940.9,0.066
2016-11-29 00:40:06.593724,4320,0.92,1896.5,0.067
2016-11-29 00:40:11.800262,4330,0.73,2060.6,0.062
2016-11-29 00:40:16.874999,4340,0.87,1888.2,0.068
2016-11-29 00:40:22.010647,4350,0.78,1674.7,0.076
2016-11-29 00:40:27.098227,4360,0.78,2032.7,0.063
2016-11-29 00:40:32.212915,4370,0.80,2021.4,0.063
2016-11-29 00:40:37.177475,4380,0.78,1984.4,0.065
2016-11-29 00:40:42.322862,4390,0.84,1988.9,0.064
2016-11-29 00:40:47.432609,4400,0.68,1903.3,0.067
2016-11-29 00:40:53.110248,4410,0.74,1624.5,0.079
2016-11-29 00:40:58.063406,4420,0.85,1977.6,0.065
2016-11-29 00:41:03.337178,4430,1.02,2064.2,0.062
2016-11-29 00:41:08.530659,4440,1.09,1902.2,0.067
2016-11-29 00:41:13.527506,4450,0.94,2127.2,0.060
2016-11-29 00:41:18.718607,4460,0.78,1972.6,0.065
2016-11-29 00:41:23.803131,4470,0.78,2167.5,0.059
2016-11-29 00:41:28.852795,4480,0.90,2116.0,0.060
2016-11-29 00:41:34.019766,4490,0.82,2059.3,0.062
2016-11-29 00:41:39.183986,4500,0.74,2225.0,0.058
2016-11-29 00:41:44.780143,4510,0.81,1976.0,0.065
2016-11-29 00:41:49.756620,4520,0.80,1989.4,0.064
2016-11-29 00:41:54.926531,4530,0.92,1645.2,0.078
2016-11-29 00:41:59.990129,4540,0.76,2017.0,0.063
2016-11-29 00:42:05.018609,4550,0.72,2180.7,0.059
2016-11-29 00:42:10.296367,4560,0.88,1622.6,0.079
2016-11-29 00:42:15.367659,4570,0.76,2135.0,0.060
2016-11-29 00:42:20.525321,4580,0.96,2098.9,0.061
2016-11-29 00:42:25.609321,4590,0.84,1933.1,0.066
2016-11-29 00:42:30.694510,4600,0.69,1988.3,0.064
2016-11-29 00:42:36.426499,4610,0.72,1890.2,0.068
2016-11-29 00:42:41.614871,4620,0.78,2146.0,0.060
2016-11-29 00:42:46.690604,4630,0.86,1930.9,0.066
2016-11-29 00:42:51.802572,4640,0.74,1961.4,0.065
2016-11-29 00:42:57.078722,4650,0.84,2019.0,0.063
2016-11-29 00:43:02.061654,4660,0.71,2166.1,0.059
2016-11-29 00:43:07.239548,4670,0.79,2005.4,0.064
2016-11-29 00:43:12.337608,4680,0.80,2007.5,0.064
2016-11-29 00:43:17.435979,4690,0.84,1989.4,0.064
2016-11-29 00:43:22.565413,4700,0.89,2163.9,0.059
2016-11-29 00:43:28.212058,4710,0.81,2100.1,0.061
2016-11-29 00:43:33.301929,4720,0.74,2068.1,0.062
2016-11-29 00:43:38.467947,4730,0.69,2005.1,0.064
2016-11-29 00:43:43.554494,4740,0.88,2147.6,0.060
2016-11-29 00:43:48.628025,4750,0.77,2072.9,0.062
2016-11-29 00:43:53.813015,4760,0.77,2204.5,0.058
2016-11-29 00:43:58.999577,4770,0.63,1979.5,0.065
2016-11-29 00:44:04.040747,4780,0.78,1916.8,0.067
2016-11-29 00:44:09.145648,4790,0.72,2004.0,0.064
2016-11-29 00:44:14.342177,4800,0.78,2004.7,0.064
2016-11-29 00:44:20.029379,4810,0.90,2182.4,0.059
2016-11-29 00:44:25.045522,4820,0.73,1910.3,0.067
2016-11-29 00:44:30.140029,4830,0.84,2059.1,0.062
2016-11-29 00:44:35.306567,4840,0.79,2024.0,0.063
2016-11-29 00:44:40.329824,4850,0.82,1965.6,0.065
2016-11-29 00:44:45.456075,4860,0.75,2047.7,0.063
2016-11-29 00:44:50.553863,4870,0.74,2423.9,0.053
2016-11-29 00:44:55.496757,4880,0.64,2055.4,0.062
2016-11-29 00:45:00.597430,4890,0.80,2256.5,0.057
2016-11-29 00:45:05.728475,4900,0.75,2079.6,0.062
2016-11-29 00:45:11.255546,4910,0.82,2103.2,0.061
2016-11-29 00:45:16.349412,4920,1.06,2119.1,0.060
2016-11-29 00:45:21.409685,4930,0.64,2118.4,0.060
2016-11-29 00:45:26.363628,4940,0.76,1892.7,0.068
2016-11-29 00:45:31.480659,4950,0.82,2081.7,0.061
2016-11-29 00:45:36.569296,4960,0.97,2080.0,0.062
2016-11-29 00:45:41.569812,4970,0.74,2325.1,0.055
2016-11-29 00:45:46.712282,4980,0.93,1780.5,0.072
2016-11-29 00:45:51.833917,4990,0.83,2154.0,0.059
2016-11-29 00:45:56.988167,5000,0.75,2082.0,0.061
2016-11-29 00:46:05.565908,5010,0.90,2154.7,0.059
2016-11-29 00:46:10.609398,5020,0.83,1970.5,0.065
2016-11-29 00:46:15.644697,5030,0.66,2154.8,0.059
2016-11-29 00:46:20.681690,5040,0.64,1871.1,0.068
2016-11-29 00:46:25.914502,5050,0.69,1988.7,0.064
2016-11-29 00:46:30.969103,5060,0.92,1959.3,0.065
2016-11-29 00:46:36.208982,5070,0.82,1924.0,0.067
2016-11-29 00:46:41.379542,5080,0.80,1889.8,0.068
2016-11-29 00:46:46.477317,5090,0.70,2027.0,0.063
2016-11-29 00:46:51.573091,5100,0.85,2057.7,0.062
2016-11-29 00:46:57.135461,5110,0.87,1910.4,0.067
2016-11-29 00:47:02.192521,5120,0.69,1914.0,0.067
2016-11-29 00:47:07.358679,5130,0.83,2066.9,0.062
2016-11-29 00:47:12.441418,5140,0.97,2057.7,0.062
2016-11-29 00:47:17.437053,5150,0.91,1977.4,0.065
2016-11-29 00:47:22.529949,5160,0.79,2075.6,0.062
2016-11-29 00:47:27.685654,5170,0.78,2081.0,0.062
2016-11-29 00:47:32.861044,5180,0.65,2138.6,0.060
2016-11-29 00:47:38.089949,5190,0.73,2222.5,0.058
2016-11-29 00:47:43.303505,5200,0.77,2061.9,0.062
2016-11-29 00:47:48.833566,5210,0.74,1988.5,0.064
2016-11-29 00:47:53.965653,5220,0.76,1905.0,0.067
2016-11-29 00:47:59.270186,5230,0.66,2176.9,0.059
2016-11-29 00:48:04.327155,5240,0.76,2058.0,0.062
2016-11-29 00:48:09.334738,5250,0.86,2051.9,0.062
2016-11-29 00:48:14.499826,5260,0.79,2005.1,0.064
2016-11-29 00:48:19.611910,5270,0.73,2269.9,0.056
2016-11-29 00:48:24.739726,5280,0.80,2046.6,0.063
2016-11-29 00:48:29.928820,5290,0.70,1922.0,0.067
2016-11-29 00:48:35.008533,5300,0.84,1957.0,0.065
2016-11-29 00:48:40.628108,5310,0.66,1925.4,0.066
2016-11-29 00:48:45.739723,5320,0.88,1929.2,0.066
2016-11-29 00:48:50.841513,5330,0.92,2103.9,0.061
2016-11-29 00:48:55.834769,5340,0.60,2135.3,0.060
2016-11-29 00:49:01.046830,5350,0.74,1955.4,0.065
2016-11-29 00:49:06.141172,5360,0.82,2102.4,0.061
2016-11-29 00:49:11.259859,5370,0.92,2030.8,0.063
2016-11-29 00:49:16.402660,5380,0.66,2041.5,0.063
2016-11-29 00:49:21.399387,5390,0.96,2201.4,0.058
2016-11-29 00:49:26.454391,5400,0.70,2094.3,0.061
2016-11-29 00:49:32.120200,5410,0.87,2097.5,0.061
2016-11-29 00:49:37.274259,5420,0.73,1948.9,0.066
2016-11-29 00:49:42.572509,5430,0.87,1647.9,0.078
2016-11-29 00:49:47.630492,5440,0.80,2110.2,0.061
2016-11-29 00:49:52.768415,5450,0.66,2079.4,0.062
2016-11-29 00:49:57.951661,5460,0.66,2006.0,0.064
2016-11-29 00:50:02.980553,5470,0.81,2250.2,0.057
2016-11-29 00:50:08.036904,5480,0.90,2240.5,0.057
2016-11-29 00:50:13.030417,5490,1.02,2089.1,0.061
2016-11-29 00:50:18.100408,5500,0.81,1949.5,0.066
2016-11-29 00:50:23.615252,5510,0.87,2257.0,0.057
2016-11-29 00:50:28.726320,5520,0.66,1984.8,0.064
2016-11-29 00:50:33.666604,5530,1.25,1913.5,0.067
2016-11-29 00:50:38.785924,5540,0.74,2119.5,0.060
2016-11-29 00:50:43.872235,5550,0.61,2238.9,0.057
2016-11-29 00:50:48.826179,5560,0.89,2211.0,0.058
2016-11-29 00:50:54.017481,5570,1.01,1997.5,0.064
2016-11-29 00:50:59.229503,5580,0.66,2152.4,0.059
2016-11-29 00:51:04.283919,5590,0.60,1913.6,0.067
2016-11-29 00:51:09.471184,5600,0.71,2148.1,0.060
2016-11-29 00:51:15.065537,5610,0.69,2000.2,0.064
2016-11-29 00:51:20.224778,5620,0.81,1957.5,0.065
2016-11-29 00:51:25.163331,5630,0.84,2022.8,0.063
2016-11-29 00:51:30.207505,5640,0.80,1838.2,0.070
2016-11-29 00:51:35.291285,5650,0.73,1872.4,0.068
2016-11-29 00:51:40.357555,5660,0.81,1881.2,0.068
2016-11-29 00:51:45.541688,5670,0.89,1921.4,0.067
2016-11-29 00:51:50.743951,5680,0.83,1964.9,0.065
2016-11-29 00:51:55.853282,5690,0.60,2103.3,0.061
2016-11-29 00:52:00.807455,5700,0.75,2152.8,0.059
2016-11-29 00:52:06.391693,5710,0.79,2154.9,0.059
2016-11-29 00:52:11.594169,5720,0.78,1917.1,0.067
2016-11-29 00:52:16.562793,5730,0.86,2247.3,0.057
2016-11-29 00:52:21.617052,5740,0.61,1998.1,0.064
2016-11-29 00:52:26.714935,5750,0.80,1957.1,0.065
2016-11-29 00:52:31.877138,5760,0.75,2111.2,0.061
2016-11-29 00:52:37.063687,5770,0.74,2119.2,0.060
2016-11-29 00:52:42.266341,5780,0.79,1981.8,0.065
2016-11-29 00:52:47.133065,5790,0.68,2346.8,0.055
2016-11-29 00:52:52.218550,5800,0.64,2107.2,0.061
2016-11-29 00:52:57.945305,5810,0.75,2071.7,0.062
2016-11-29 00:53:02.836708,5820,0.73,2041.2,0.063
2016-11-29 00:53:08.018599,5830,0.73,1988.0,0.064
2016-11-29 00:53:13.064628,5840,0.65,2234.7,0.057
2016-11-29 00:53:18.148850,5850,0.66,2050.0,0.062
2016-11-29 00:53:23.142166,5860,0.76,2101.7,0.061
2016-11-29 00:53:28.264693,5870,0.72,2021.1,0.063
2016-11-29 00:53:33.371952,5880,0.68,2237.1,0.057
2016-11-29 00:53:38.418209,5890,0.66,2063.7,0.062
2016-11-29 00:53:43.528528,5900,0.83,1907.3,0.067
2016-11-29 00:53:49.183011,5910,0.93,2011.0,0.064
2016-11-29 00:53:54.247890,5920,0.79,1959.3,0.065
2016-11-29 00:53:59.275469,5930,0.81,1979.9,0.065
2016-11-29 00:54:04.358034,5940,0.76,2031.9,0.063
2016-11-29 00:54:09.375171,5950,1.13,2018.1,0.063
2016-11-29 00:54:14.525837,5960,0.72,2081.6,0.061
2016-11-29 00:54:19.672109,5970,0.89,1423.3,0.090
2016-11-29 00:54:24.669827,5980,0.76,2092.1,0.061
2016-11-29 00:54:29.888576,5990,0.88,1766.7,0.072
2016-11-29 00:54:35.005590,6000,0.70,2109.4,0.061
2016-11-29 00:54:43.382708,6010,0.69,2050.5,0.062
2016-11-29 00:54:48.344046,6020,0.80,2162.4,0.059
2016-11-29 00:54:53.373353,6030,0.82,2150.2,0.060
2016-11-29 00:54:58.485771,6040,0.77,2188.1,0.058
2016-11-29 00:55:03.501889,6050,0.76,2062.9,0.062
2016-11-29 00:55:08.707623,6060,0.68,1899.0,0.067
2016-11-29 00:55:13.842020,6070,0.71,2170.4,0.059
2016-11-29 00:55:18.813245,6080,0.86,2039.3,0.063
2016-11-29 00:55:23.978375,6090,0.80,2056.1,0.062
2016-11-29 00:55:29.087257,6100,0.70,2205.6,0.058
2016-11-29 00:55:34.656060,6110,0.64,1969.8,0.065
2016-11-29 00:55:39.849748,6120,0.60,2039.8,0.063
2016-11-29 00:55:45.012254,6130,0.49,2036.6,0.063
2016-11-29 00:55:50.056989,6140,0.78,1663.9,0.077
2016-11-29 00:55:55.085734,6150,0.76,1996.7,0.064
2016-11-29 00:56:00.179516,6160,0.86,2088.4,0.061
2016-11-29 00:56:05.242160,6170,0.57,1806.1,0.071
2016-11-29 00:56:10.272510,6180,0.80,2033.8,0.063
2016-11-29 00:56:15.381645,6190,0.73,1955.5,0.065
2016-11-29 00:56:20.576299,6200,0.60,1586.2,0.081
2016-11-29 00:56:26.088591,6210,0.64,2148.3,0.060
2016-11-29 00:56:31.165871,6220,0.71,2129.3,0.060
2016-11-29 00:56:36.357040,6230,0.75,1529.5,0.084
2016-11-29 00:56:41.330902,6240,0.67,2059.6,0.062
2016-11-29 00:56:46.402423,6250,0.61,2135.5,0.060
2016-11-29 00:56:51.573204,6260,0.93,1687.9,0.076
2016-11-29 00:56:56.509104,6270,0.68,2201.5,0.058
2016-11-29 00:57:01.708665,6280,0.76,1934.7,0.066
2016-11-29 00:57:06.957483,6290,0.79,1438.0,0.089
2016-11-29 00:57:11.967210,6300,0.73,2060.5,0.062
2016-11-29 00:57:17.613509,6310,0.66,2079.3,0.062
2016-11-29 00:57:22.755397,6320,0.61,1967.2,0.065
2016-11-29 00:57:27.772013,6330,0.68,1972.4,0.065
2016-11-29 00:57:33.035600,6340,0.60,1991.2,0.064
2016-11-29 00:57:38.150974,6350,0.73,2356.5,0.054
2016-11-29 00:57:43.210934,6360,0.70,2114.1,0.061
2016-11-29 00:57:48.350179,6370,0.67,1929.7,0.066
2016-11-29 00:57:53.367054,6380,0.74,2020.2,0.063
2016-11-29 00:57:58.344373,6390,0.66,1953.4,0.066
2016-11-29 00:58:03.462456,6400,0.64,2100.3,0.061
2016-11-29 00:58:09.097579,6410,0.75,2069.3,0.062
2016-11-29 00:58:14.119570,6420,0.67,2041.8,0.063
2016-11-29 00:58:19.288091,6430,0.85,1988.2,0.064
2016-11-29 00:58:24.389766,6440,0.68,2053.9,0.062
2016-11-29 00:58:29.453820,6450,0.58,1972.0,0.065
2016-11-29 00:58:34.681075,6460,0.72,2144.7,0.060
2016-11-29 00:58:39.851795,6470,0.61,1897.9,0.067
2016-11-29 00:58:44.943670,6480,0.60,2143.2,0.060
2016-11-29 00:58:50.225448,6490,0.66,1972.2,0.065
2016-11-29 00:58:55.325190,6500,0.82,2101.4,0.061
2016-11-29 00:59:00.876046,6510,0.66,2090.1,0.061
2016-11-29 00:59:06.087673,6520,0.50,1966.5,0.065
2016-11-29 00:59:11.275388,6530,0.66,2124.9,0.060
2016-11-29 00:59:16.336015,6540,0.81,2055.1,0.062
2016-11-29 00:59:21.482350,6550,0.86,2133.4,0.060
2016-11-29 00:59:26.636220,6560,0.74,2180.9,0.059
2016-11-29 00:59:31.712437,6570,0.72,2116.9,0.060
2016-11-29 00:59:36.908012,6580,0.48,2028.4,0.063
2016-11-29 00:59:41.999649,6590,0.57,2010.4,0.064
2016-11-29 00:59:47.209323,6600,0.83,1912.3,0.067
2016-11-29 00:59:52.694032,6610,0.71,2099.4,0.061
2016-11-29 00:59:57.825684,6620,0.77,1992.7,0.064
2016-11-29 01:00:02.974682,6630,0.77,2077.3,0.062
2016-11-29 01:00:08.085634,6640,0.55,2108.7,0.061
2016-11-29 01:00:13.273117,6650,0.71,1901.9,0.067
2016-11-29 01:00:18.402054,6660,0.71,2091.2,0.061
2016-11-29 01:00:23.370712,6670,0.60,2081.7,0.061
2016-11-29 01:00:28.630049,6680,0.64,1856.2,0.069
2016-11-29 01:00:33.750165,6690,0.94,2181.1,0.059
2016-11-29 01:00:38.779708,6700,0.62,2125.2,0.060
2016-11-29 01:00:44.512411,6710,0.73,2030.2,0.063
2016-11-29 01:00:49.775457,6720,0.59,1995.3,0.064
2016-11-29 01:00:55.010987,6730,0.57,1790.9,0.071
2016-11-29 01:00:59.954449,6740,0.76,1954.3,0.065
2016-11-29 01:01:05.131763,6750,0.72,1948.0,0.066
2016-11-29 01:01:10.282368,6760,0.78,2082.1,0.061
2016-11-29 01:01:15.313716,6770,0.77,1976.6,0.065
2016-11-29 01:01:20.516007,6780,0.59,1836.9,0.070
2016-11-29 01:01:25.668415,6790,0.70,1915.5,0.067
2016-11-29 01:01:30.597175,6800,0.88,2216.2,0.058
2016-11-29 01:01:36.296462,6810,0.66,2059.8,0.062
2016-11-29 01:01:41.462167,6820,0.74,1863.0,0.069
2016-11-29 01:01:46.471259,6830,0.61,1965.1,0.065
2016-11-29 01:01:51.498780,6840,0.65,2370.7,0.054
2016-11-29 01:01:56.708159,6850,0.69,1963.2,0.065
2016-11-29 01:02:01.777438,6860,0.67,2059.4,0.062
2016-11-29 01:02:06.995365,6870,0.62,2043.9,0.063
2016-11-29 01:02:12.132419,6880,0.54,2021.8,0.063
2016-11-29 01:02:17.139765,6890,0.75,2073.9,0.062
2016-11-29 01:02:22.284351,6900,0.73,1939.7,0.066
2016-11-29 01:02:27.983628,6910,0.82,2021.7,0.063
2016-11-29 01:02:33.219692,6920,0.78,2027.0,0.063
2016-11-29 01:02:38.284682,6930,0.79,2025.6,0.063
2016-11-29 01:02:43.515131,6940,0.69,1985.3,0.064
2016-11-29 01:02:48.489093,6950,0.48,1978.6,0.065
2016-11-29 01:02:53.677217,6960,0.57,1886.1,0.068
2016-11-29 01:02:58.799143,6970,0.62,2027.5,0.063
2016-11-29 01:03:03.715416,6980,0.59,2182.4,0.059
2016-11-29 01:03:08.950806,6990,0.71,1911.6,0.067
2016-11-29 01:03:14.002310,7000,0.81,2132.6,0.060
2016-11-29 01:03:22.488596,7010,0.79,1897.4,0.067
2016-11-29 01:03:27.659207,7020,0.65,2019.4,0.063
2016-11-29 01:03:32.696618,7030,0.78,2106.9,0.061
2016-11-29 01:03:37.818594,7040,0.59,2113.2,0.061
2016-11-29 01:03:42.997350,7050,0.58,1875.4,0.068
2016-11-29 01:03:48.031491,7060,0.59,1978.9,0.065
2016-11-29 01:03:53.265729,7070,0.62,1977.5,0.065
2016-11-29 01:03:58.386420,7080,0.69,2016.0,0.063
2016-11-29 01:04:03.544009,7090,0.55,1497.4,0.085
2016-11-29 01:04:08.583347,7100,0.62,1946.6,0.066
2016-11-29 01:04:14.374695,7110,0.77,1981.0,0.065
2016-11-29 01:04:19.451036,7120,0.64,1995.6,0.064
2016-11-29 01:04:24.480385,7130,0.68,1927.6,0.066
2016-11-29 01:04:29.646266,7140,0.72,2006.9,0.064
2016-11-29 01:04:34.870769,7150,0.68,2007.2,0.064
2016-11-29 01:04:39.955761,7160,0.78,2047.7,0.063
2016-11-29 01:04:45.048019,7170,0.63,2287.8,0.056
2016-11-29 01:04:50.143314,7180,0.71,2297.0,0.056
2016-11-29 01:04:55.200279,7190,0.78,2059.3,0.062
2016-11-29 01:05:00.294852,7200,0.59,2143.1,0.060
2016-11-29 01:05:06.045993,7210,0.60,2084.7,0.061
2016-11-29 01:05:11.056933,7220,0.63,2095.9,0.061
2016-11-29 01:05:16.264243,7230,0.75,2002.3,0.064
2016-11-29 01:05:21.351608,7240,0.64,2154.5,0.059
2016-11-29 01:05:26.358969,7250,0.83,1999.1,0.064
2016-11-29 01:05:31.535699,7260,0.56,2103.7,0.061
2016-11-29 01:05:36.779044,7270,0.64,2000.6,0.064
2016-11-29 01:05:41.825534,7280,0.66,1651.9,0.077
2016-11-29 01:05:46.916624,7290,0.67,1925.6,0.066
2016-11-29 01:05:52.079847,7300,0.78,2117.3,0.060
2016-11-29 01:05:57.670785,7310,0.71,1923.0,0.067
2016-11-29 01:06:02.838256,7320,0.67,1989.4,0.064
2016-11-29 01:06:08.015360,7330,0.56,2041.4,0.063
2016-11-29 01:06:13.051262,7340,0.58,2241.9,0.057
2016-11-29 01:06:18.160276,7350,0.56,2220.8,0.058
2016-11-29 01:06:23.370460,7360,0.56,1941.2,0.066
2016-11-29 01:06:28.438761,7370,0.56,2064.6,0.062
2016-11-29 01:06:33.761280,7380,0.82,1958.2,0.065
2016-11-29 01:06:39.026389,7390,0.55,2157.7,0.059
2016-11-29 01:06:44.021939,7400,0.64,1930.2,0.066
2016-11-29 01:06:49.735992,7410,0.61,1861.7,0.069
2016-11-29 01:06:54.878873,7420,0.69,2061.2,0.062
2016-11-29 01:06:59.879446,7430,0.69,1982.7,0.065
2016-11-29 01:07:04.861044,7440,0.75,2252.2,0.057
2016-11-29 01:07:09.962352,7450,0.63,2127.7,0.060
2016-11-29 01:07:15.055582,7460,0.69,1766.6,0.072
2016-11-29 01:07:20.046628,7470,0.72,1950.7,0.066
2016-11-29 01:07:25.213962,7480,0.68,2274.6,0.056
2016-11-29 01:07:30.414387,7490,0.79,1995.2,0.064
2016-11-29 01:07:35.672422,7500,0.65,2048.8,0.062
2016-11-29 01:07:41.466839,7510,0.66,2025.6,0.063
2016-11-29 01:07:46.628497,7520,0.71,1460.5,0.088
2016-11-29 01:07:51.536565,7530,0.64,2088.5,0.061
2016-11-29 01:07:56.639266,7540,0.64,1968.7,0.065
2016-11-29 01:08:01.787624,7550,0.69,1501.9,0.085
2016-11-29 01:08:06.842273,7560,0.63,2275.7,0.056
2016-11-29 01:08:11.964864,7570,0.65,2064.1,0.062
2016-11-29 01:08:17.110931,7580,0.74,1962.4,0.065
2016-11-29 01:08:22.171428,7590,0.66,1919.0,0.067
2016-11-29 01:08:27.359425,7600,0.54,2083.9,0.061
2016-11-29 01:08:33.094581,7610,0.65,2105.9,0.061
2016-11-29 01:08:38.328681,7620,0.50,2064.2,0.062
2016-11-29 01:08:43.267410,7630,0.64,2075.3,0.062
2016-11-29 01:08:48.474876,7640,0.85,2187.6,0.059
2016-11-29 01:08:53.626978,7650,0.72,2050.7,0.062
2016-11-29 01:08:58.625795,7660,0.60,2008.7,0.064
2016-11-29 01:09:03.795327,7670,0.56,2086.5,0.061
2016-11-29 01:09:08.802232,7680,0.63,2047.2,0.063
2016-11-29 01:09:13.918612,7690,0.66,1989.7,0.064
2016-11-29 01:09:19.119807,7700,0.65,1939.2,0.066
2016-11-29 01:09:24.678222,7710,0.60,2178.5,0.059
2016-11-29 01:09:29.782443,7720,0.76,2170.9,0.059
2016-11-29 01:09:34.886645,7730,0.80,1910.6,0.067
2016-11-29 01:09:40.024252,7740,0.69,1705.1,0.075
2016-11-29 01:09:45.062321,7750,0.66,1942.1,0.066
2016-11-29 01:09:50.160529,7760,0.65,1964.0,0.065
2016-11-29 01:09:55.360015,7770,0.50,1551.6,0.082
2016-11-29 01:10:00.413460,7780,0.54,2058.9,0.062
2016-11-29 01:10:05.512829,7790,0.61,2175.5,0.059
2016-11-29 01:10:10.699036,7800,0.60,1712.2,0.075
2016-11-29 01:10:16.211691,7810,0.65,2291.3,0.056
2016-11-29 01:10:21.454130,7820,0.46,1897.8,0.067
2016-11-29 01:10:26.570615,7830,0.56,1887.2,0.068
2016-11-29 01:10:31.552157,7840,0.50,2020.4,0.063
2016-11-29 01:10:36.669601,7850,1.00,2130.7,0.060
2016-11-29 01:10:41.832443,7860,0.68,2009.6,0.064
2016-11-29 01:10:46.833381,7870,0.69,1911.5,0.067
2016-11-29 01:10:51.987366,7880,0.74,2128.8,0.060
2016-11-29 01:10:57.090243,7890,0.64,1974.9,0.065
2016-11-29 01:11:02.111675,7900,0.64,1992.7,0.064
2016-11-29 01:11:07.781442,7910,0.64,1939.4,0.066
2016-11-29 01:11:12.841227,7920,0.62,1978.5,0.065
2016-11-29 01:11:18.029766,7930,0.65,1549.2,0.083
2016-11-29 01:11:22.972582,7940,0.57,1931.3,0.066
2016-11-29 01:11:28.072468,7950,0.62,2154.6,0.059
2016-11-29 01:11:32.928524,7960,0.65,2225.3,0.058
2016-11-29 01:11:38.055612,7970,0.70,2001.8,0.064
2016-11-29 01:11:43.162415,7980,0.56,1929.1,0.066
2016-11-29 01:11:48.133554,7990,0.58,1917.5,0.067
2016-11-29 01:11:53.315922,8000,0.64,2046.9,0.063
2016-11-29 01:12:01.926689,8010,0.68,2239.1,0.057
2016-11-29 01:12:07.048802,8020,0.74,1975.8,0.065
2016-11-29 01:12:12.103765,8030,0.55,2093.1,0.061
2016-11-29 01:12:17.097671,8040,0.51,1982.9,0.065
2016-11-29 01:12:22.144926,8050,0.62,1974.0,0.065
2016-11-29 01:12:27.257976,8060,0.57,2129.5,0.060
2016-11-29 01:12:32.333400,8070,0.54,2096.1,0.061
2016-11-29 01:12:37.382317,8080,0.75,2134.1,0.060
2016-11-29 01:12:42.367816,8090,0.73,1807.6,0.071
2016-11-29 01:12:47.305827,8100,0.61,2135.7,0.060
2016-11-29 01:12:52.940238,8110,0.78,2067.6,0.062
2016-11-29 01:12:57.971092,8120,0.60,2200.9,0.058
2016-11-29 01:13:03.016223,8130,0.71,1935.8,0.066
2016-11-29 01:13:08.168992,8140,0.71,1797.1,0.071
2016-11-29 01:13:13.245155,8150,0.71,1620.0,0.079
2016-11-29 01:13:18.233127,8160,0.66,1977.5,0.065
2016-11-29 01:13:23.523601,8170,0.67,2007.8,0.064
2016-11-29 01:13:28.482600,8180,0.62,1892.5,0.068
2016-11-29 01:13:33.725917,8190,0.59,2018.5,0.063
2016-11-29 01:13:38.789134,8200,0.63,2060.7,0.062
2016-11-29 01:13:44.492131,8210,0.51,1595.1,0.080
2016-11-29 01:13:49.411723,8220,0.72,2202.3,0.058
2016-11-29 01:13:54.617888,8230,0.90,2037.0,0.063
2016-11-29 01:13:59.709391,8240,0.67,2085.2,0.061
2016-11-29 01:14:04.601688,8250,0.62,2010.4,0.064
2016-11-29 01:14:09.751957,8260,0.64,1966.8,0.065
2016-11-29 01:14:14.866286,8270,0.67,1725.2,0.074
2016-11-29 01:14:20.005692,8280,0.58,2079.2,0.062
2016-11-29 01:14:25.157347,8290,0.63,2268.8,0.056
2016-11-29 01:14:30.154873,8300,0.61,2072.0,0.062
2016-11-29 01:14:35.668424,8310,0.59,2108.4,0.061
2016-11-29 01:14:40.700645,8320,0.64,2156.5,0.059
2016-11-29 01:14:45.733415,8330,0.67,2206.8,0.058
2016-11-29 01:14:50.810504,8340,0.57,1585.4,0.081
2016-11-29 01:14:55.925207,8350,0.53,1878.1,0.068
2016-11-29 01:15:00.997428,8360,0.66,2115.4,0.061
2016-11-29 01:15:06.125385,8370,0.85,1774.1,0.072
2016-11-29 01:15:11.132077,8380,0.69,2010.0,0.064
2016-11-29 01:15:16.182170,8390,0.76,2138.4,0.060
2016-11-29 01:15:21.295421,8400,0.57,1607.3,0.080
2016-11-29 01:15:26.806149,8410,0.66,1873.2,0.068
2016-11-29 01:15:31.894461,8420,0.62,2254.1,0.057
2016-11-29 01:15:36.936944,8430,0.57,1999.3,0.064
2016-11-29 01:15:41.989853,8440,0.73,1972.3,0.065
2016-11-29 01:15:47.137299,8450,0.59,1996.2,0.064
2016-11-29 01:15:52.220856,8460,0.54,2124.2,0.060
2016-11-29 01:15:57.224490,8470,0.85,1845.6,0.069
2016-11-29 01:16:02.315185,8480,0.67,2106.5,0.061
2016-11-29 01:16:07.448095,8490,0.59,2085.7,0.061
2016-11-29 01:16:12.382721,8500,0.53,2108.8,0.061
2016-11-29 01:16:18.030114,8510,0.63,2135.4,0.060
2016-11-29 01:16:23.198649,8520,0.61,2068.4,0.062
2016-11-29 01:16:28.200895,8530,0.59,1940.4,0.066
2016-11-29 01:16:33.305617,8540,0.61,1967.3,0.065
2016-11-29 01:16:38.402784,8550,0.53,2077.0,0.062
2016-11-29 01:16:43.451183,8560,0.71,2054.4,0.062
2016-11-29 01:16:48.456171,8570,0.57,2355.8,0.054
2016-11-29 01:16:53.644446,8580,0.62,2082.8,0.061
2016-11-29 01:16:58.579415,8590,0.81,2121.4,0.060
2016-11-29 01:17:03.582980,8600,0.53,1730.1,0.074
2016-11-29 01:17:09.130402,8610,0.59,2073.9,0.062
2016-11-29 01:17:14.165479,8620,0.53,1911.7,0.067
2016-11-29 01:17:19.330946,8630,0.59,1995.6,0.064
2016-11-29 01:17:24.360274,8640,0.67,1947.5,0.066
2016-11-29 01:17:29.465050,8650,0.80,1668.9,0.077
2016-11-29 01:17:34.561877,8660,0.67,1944.5,0.066
2016-11-29 01:17:39.756246,8670,0.65,1825.8,0.070
2016-11-29 01:17:44.774266,8680,0.74,2105.7,0.061
2016-11-29 01:17:49.693491,8690,0.71,1980.1,0.065
2016-11-29 01:17:54.798954,8700,0.43,1957.0,0.065
2016-11-29 01:18:00.407261,8710,0.67,1961.1,0.065
2016-11-29 01:18:05.280840,8720,0.63,2126.6,0.060
2016-11-29 01:18:10.361782,8730,0.69,2265.1,0.057
2016-11-29 01:18:15.372226,8740,0.76,2108.0,0.061
2016-11-29 01:18:20.473070,8750,0.78,1940.2,0.066
2016-11-29 01:18:25.434442,8760,0.54,2253.6,0.057
2016-11-29 01:18:30.612482,8770,0.55,1519.9,0.084
2016-11-29 01:18:35.600925,8780,0.67,1881.6,0.068
2016-11-29 01:18:40.633168,8790,0.65,1916.5,0.067
2016-11-29 01:18:45.651794,8800,0.61,1918.2,0.067
2016-11-29 01:18:51.194741,8810,0.68,2057.6,0.062
2016-11-29 01:18:56.250179,8820,0.60,2073.0,0.062
2016-11-29 01:19:01.360139,8830,0.82,1988.7,0.064
2016-11-29 01:19:06.254286,8840,0.57,1997.9,0.064
2016-11-29 01:19:11.330804,8850,0.60,1982.6,0.065
2016-11-29 01:19:16.377006,8860,0.77,1881.3,0.068
2016-11-29 01:19:21.361205,8870,0.52,1918.4,0.067
2016-11-29 01:19:26.496772,8880,0.70,2093.6,0.061
2016-11-29 01:19:31.611461,8890,0.51,2377.3,0.054
2016-11-29 01:19:36.629630,8900,0.67,2115.0,0.061
2016-11-29 01:19:42.167479,8910,0.58,2173.2,0.059
2016-11-29 01:19:47.145924,8920,0.50,2249.9,0.057
2016-11-29 01:19:52.125833,8930,0.61,2160.3,0.059
2016-11-29 01:19:57.266726,8940,0.70,1954.1,0.066
2016-11-29 01:20:02.479208,8950,0.73,1930.6,0.066
2016-11-29 01:20:07.408117,8960,0.65,2052.8,0.062
2016-11-29 01:20:12.479940,8970,0.55,1915.5,0.067
2016-11-29 01:20:17.624547,8980,0.51,1635.5,0.078
2016-11-29 01:20:22.558237,8990,0.62,2021.6,0.063
2016-11-29 01:20:27.645166,9000,0.61,2041.7,0.063
2016-11-29 01:20:36.114285,9010,0.50,1863.6,0.069
2016-11-29 01:20:40.975079,9020,0.66,1990.4,0.064
2016-11-29 01:20:46.095501,9030,0.67,2063.1,0.062
2016-11-29 01:20:51.163050,9040,0.69,1952.0,0.066
2016-11-29 01:20:56.260202,9050,0.62,2093.7,0.061
2016-11-29 01:21:01.358404,9060,0.51,2044.3,0.063
2016-11-29 01:21:06.327833,9070,0.68,1910.4,0.067
2016-11-29 01:21:11.485327,9080,0.62,1972.2,0.065
2016-11-29 01:21:16.613549,9090,0.68,1900.8,0.067
2016-11-29 01:21:21.543081,9100,0.61,2139.6,0.060
2016-11-29 01:21:27.148699,9110,0.68,2238.8,0.057
2016-11-29 01:21:32.261453,9120,0.72,2168.3,0.059
2016-11-29 01:21:37.191821,9130,0.69,1988.9,0.064
2016-11-29 01:21:42.257255,9140,0.68,2144.3,0.060
2016-11-29 01:21:47.409014,9150,0.54,1952.4,0.066
2016-11-29 01:21:52.410698,9160,0.63,2049.4,0.062
2016-11-29 01:21:57.543496,9170,0.54,2015.4,0.064
2016-11-29 01:22:02.492467,9180,0.62,2031.5,0.063
2016-11-29 01:22:07.544698,9190,0.54,2088.3,0.061
2016-11-29 01:22:12.645126,9200,0.59,2152.6,0.059
2016-11-29 01:22:18.314576,9210,0.76,1617.8,0.079
2016-11-29 01:22:23.252172,9220,0.59,2035.7,0.063
2016-11-29 01:22:28.415495,9230,0.62,2050.1,0.062
2016-11-29 01:22:33.667695,9240,0.73,1799.6,0.071
2016-11-29 01:22:38.729390,9250,0.56,1940.8,0.066
2016-11-29 01:22:43.763665,9260,0.61,2113.0,0.061
2016-11-29 01:22:48.845124,9270,0.65,1824.5,0.070
2016-11-29 01:22:53.858219,9280,0.68,1855.3,0.069
2016-11-29 01:22:58.842851,9290,0.71,2108.1,0.061
2016-11-29 01:23:03.780539,9300,0.63,2174.9,0.059
2016-11-29 01:23:09.402320,9310,0.66,2051.5,0.062
2016-11-29 01:23:14.430401,9320,0.64,2002.5,0.064
2016-11-29 01:23:19.414215,9330,0.60,2002.7,0.064
2016-11-29 01:23:24.505690,9340,0.61,2221.0,0.058
2016-11-29 01:23:29.629791,9350,0.63,1993.6,0.064
2016-11-29 01:23:34.564619,9360,0.70,1961.8,0.065
2016-11-29 01:23:39.672102,9370,0.53,2078.2,0.062
2016-11-29 01:23:44.765647,9380,0.55,2033.4,0.063
2016-11-29 01:23:49.749550,9390,0.62,1704.1,0.075
2016-11-29 01:23:54.702876,9400,0.67,2124.8,0.060
2016-11-29 01:24:00.341842,9410,0.52,1956.5,0.065
2016-11-29 01:24:05.386808,9420,0.60,2016.3,0.063
2016-11-29 01:24:10.321984,9430,0.62,2201.9,0.058
2016-11-29 01:24:15.472272,9440,0.59,1990.9,0.064
2016-11-29 01:24:20.467351,9450,0.51,2005.6,0.064
2016-11-29 01:24:25.385480,9460,0.66,2092.5,0.061
2016-11-29 01:24:30.444520,9470,0.50,2028.9,0.063
2016-11-29 01:24:35.473091,9480,0.62,2066.5,0.062
2016-11-29 01:24:40.443251,9490,0.65,2097.0,0.061
2016-11-29 01:24:45.515928,9500,0.62,1906.5,0.067
2016-11-29 01:24:51.029125,9510,0.71,2115.4,0.061
2016-11-29 01:24:56.026657,9520,0.76,2145.6,0.060
2016-11-29 01:25:01.102105,9530,0.54,2047.4,0.063
2016-11-29 01:25:06.242943,9540,0.61,2044.0,0.063
2016-11-29 01:25:11.226345,9550,0.55,2008.1,0.064
2016-11-29 01:25:16.263345,9560,0.63,2078.8,0.062
2016-11-29 01:25:21.220274,9570,0.57,2225.9,0.058
2016-11-29 01:25:26.162372,9580,0.69,2043.1,0.063
2016-11-29 01:25:31.305052,9590,0.61,1896.6,0.067
2016-11-29 01:25:36.291749,9600,0.57,2006.3,0.064
2016-11-29 01:25:41.751976,9610,0.62,2191.6,0.058
2016-11-29 01:25:46.745991,9620,0.54,2067.6,0.062
2016-11-29 01:25:51.755238,9630,0.56,2142.2,0.060
2016-11-29 01:25:56.768206,9640,0.66,1784.8,0.072
2016-11-29 01:26:01.670174,9650,0.48,2226.4,0.057
2016-11-29 01:26:06.680872,9660,0.54,1898.8,0.067
2016-11-29 01:26:11.469761,9670,0.51,2050.5,0.062
2016-11-29 01:26:16.470843,9680,0.57,2196.1,0.058
2016-11-29 01:26:21.432961,9690,0.59,2171.8,0.059
2016-11-29 01:26:26.277138,9700,0.52,2160.3,0.059
2016-11-29 01:26:31.854828,9710,0.60,2133.4,0.060
2016-11-29 01:26:36.910064,9720,0.56,1871.8,0.068
2016-11-29 01:26:41.865316,9730,0.63,2098.3,0.061
2016-11-29 01:26:46.915782,9740,0.70,1981.5,0.065
2016-11-29 01:26:51.926885,9750,0.54,2415.3,0.053
2016-11-29 01:26:56.974044,9760,0.47,1838.0,0.070
2016-11-29 01:27:01.979990,9770,0.54,2007.5,0.064
2016-11-29 01:27:07.016044,9780,0.59,2335.6,0.055
2016-11-29 01:27:11.901497,9790,0.52,1979.7,0.065
2016-11-29 01:27:16.987594,9800,0.73,1985.0,0.064
2016-11-29 01:27:22.621129,9810,0.64,1946.3,0.066
2016-11-29 01:27:27.582796,9820,0.61,2062.1,0.062
2016-11-29 01:27:32.854607,9830,0.56,2214.3,0.058
2016-11-29 01:27:37.803601,9840,0.66,2044.3,0.063
2016-11-29 01:27:42.679219,9850,0.61,2224.6,0.058
2016-11-29 01:27:47.752339,9860,0.51,2010.0,0.064
2016-11-29 01:27:52.779507,9870,0.58,2042.5,0.063
2016-11-29 01:27:57.716198,9880,0.61,2284.4,0.056
2016-11-29 01:28:02.818982,9890,0.64,2086.9,0.061
2016-11-29 01:28:07.842770,9900,0.77,2422.3,0.053
2016-11-29 01:28:13.585128,9910,0.63,1491.2,0.086
2016-11-29 01:28:18.505910,9920,0.63,2240.3,0.057
2016-11-29 01:28:23.486893,9930,0.62,2005.4,0.064
2016-11-29 01:28:28.553612,9940,0.60,1573.2,0.081
2016-11-29 01:28:33.513938,9950,0.58,1896.0,0.068
2016-11-29 01:28:38.574136,9960,0.58,1917.2,0.067
2016-11-29 01:28:43.646295,9970,0.55,1660.0,0.077
2016-11-29 01:28:48.585435,9980,0.70,1899.4,0.067
2016-11-29 01:28:53.697738,9990,0.56,2070.5,0.062
2016-11-29 01:28:58.754180,10000,0.62,1709.8,0.075
2016-11-29 01:29:07.134097,10010,0.59,2068.3,0.062
2016-11-29 01:29:12.039458,10020,0.51,1999.6,0.064
2016-11-29 01:29:17.131585,10030,0.69,1922.5,0.067
2016-11-29 01:29:22.243520,10040,0.56,2228.6,0.057
2016-11-29 01:29:27.259634,10050,0.74,2183.3,0.059
2016-11-29 01:29:32.230424,10060,0.62,2208.3,0.058
2016-11-29 01:29:37.273693,10070,0.71,2015.4,0.064
2016-11-29 01:29:42.327357,10080,0.68,1741.7,0.073
2016-11-29 01:29:47.261384,10090,0.67,1951.9,0.066
2016-11-29 01:29:52.334928,10100,0.58,1994.8,0.064
2016-11-29 01:29:57.914323,10110,0.62,1961.9,0.065
2016-11-29 01:30:02.856417,10120,0.65,2307.6,0.055
2016-11-29 01:30:07.882359,10130,0.55,2079.0,0.062
2016-11-29 01:30:12.910696,10140,0.51,2041.5,0.063
2016-11-29 01:30:17.955310,10150,0.51,1934.2,0.066
2016-11-29 01:30:22.950495,10160,0.70,2055.8,0.062
2016-11-29 01:30:28.003494,10170,0.55,2198.6,0.058
2016-11-29 01:30:32.945032,10180,0.59,1936.3,0.066
2016-11-29 01:30:38.077972,10190,0.68,2199.2,0.058
2016-11-29 01:30:43.140067,10200,0.58,2021.9,0.063
2016-11-29 01:30:48.801685,10210,0.66,2082.9,0.061
2016-11-29 01:30:53.880753,10220,0.72,1995.5,0.064
2016-11-29 01:30:58.837273,10230,0.67,1768.5,0.072
2016-11-29 01:31:03.744972,10240,0.49,2011.2,0.064
2016-11-29 01:31:08.868745,10250,0.78,2043.0,0.063
2016-11-29 01:31:13.785009,10260,0.63,2087.7,0.061
2016-11-29 01:31:18.859137,10270,0.57,1955.5,0.065
2016-11-29 01:31:23.921013,10280,0.53,2099.4,0.061
2016-11-29 01:31:28.919035,10290,0.56,2027.5,0.063
2016-11-29 01:31:33.981781,10300,0.60,2165.1,0.059
2016-11-29 01:31:39.603415,10310,0.56,1998.4,0.064
2016-11-29 01:31:44.541403,10320,0.47,2268.1,0.056
2016-11-29 01:31:49.537299,10330,0.53,2061.1,0.062
2016-11-29 01:31:54.609780,10340,0.40,2127.5,0.060
2016-11-29 01:31:59.707049,10350,0.63,1554.3,0.082
2016-11-29 01:32:04.646983,10360,0.55,2104.3,0.061
2016-11-29 01:32:09.709123,10370,0.46,1970.6,0.065
2016-11-29 01:32:14.684407,10380,0.56,1994.3,0.064
